{
  "project_info": {
    "project_number": "841862398361",
    "project_id": "finallll-cdf3c",
    "storage_bucket": "finallll-cdf3c.firebasestorage.app"
  },
  "client": [
    {
      "client_info": {
        "mobilesdk_app_id": "1:841862398361:android:c4f580bb2e4ce36ff69308",
        "android_client_info": {
          "package_name": "com.example.finallll"
        }
      },
      "oauth_client": [],
      "api_key": [
        {
          "current_key": "AIzaSyDh-7ldxp5hGQcPzl2FMRr2w6rnqvpKrlo"
        }
      ],
      "services": {
        "appinvite_service": {
          "other_platform_oauth_client": []
        }
      }
    }
  ],
  "configuration_version": "1"
}