{"flutter":{"platforms":{"android":{"default":{"projectId":"finallll-cdf3c","appId":"1:841862398361:android:c4f580bb2e4ce36ff69308","fileOutput":"android/app/google-services.json"}},"dart":{"lib/firebase_options.dart":{"projectId":"finallll-cdf3c","configurations":{"android":"1:841862398361:android:c4f580bb2e4ce36ff69308","ios":"1:841862398361:ios:b78841d1534f9b1df69308","macos":"1:841862398361:ios:b78841d1534f9b1df69308","web":"1:841862398361:web:3c1523a5852c0ef1f69308","windows":"1:841862398361:web:508a0235b3ae1352f69308"}}}}}}